#
# The purpose of this test is to build a table of each supported data type
#
# INTEGER
CREATE TABLE t1 (
dim1 integer dimension=1 lower_bound="0" upper_bound="100" tile_extent="10",
attr1 integer
) ENGINE=mytile;
INSERT INTO t1 VALUES (1,0);
select * FROM t1;
dim1	attr1
1	0
DROP TABLE t1;
# DOUBLE
CREATE TABLE t1 (
column1 double dimension=1 lower_bound="0" upper_bound="100" tile_extent="10"
) ENGINE=mytile;
INSERT INTO t1 VALUES (1.1);
select * FROM t1;
column1
1.1
DROP TABLE t1;
# DECIMAL
CREATE TABLE t1 (
column1 decimal(10,3) dimension=1 lower_bound="0" upper_bound="100" tile_extent="10"
) ENGINE=mytile;
INSERT INTO t1 VALUES (1.1);
select * FROM t1;
column1
1.100
DROP TABLE t1;
# FLOAT
CREATE TABLE t1 (
column1 float dimension=1 lower_bound="0" upper_bound="100" tile_extent="10"
) ENGINE=mytile;
INSERT INTO t1 VALUES (1.1);
select * FROM t1;
column1
1.1
DROP TABLE t1;
# TINYINT
CREATE TABLE t1 (
column1 tinyint dimension=1 lower_bound="0" upper_bound="100" tile_extent="1"
) ENGINE=mytile;
INSERT INTO t1 VALUES (1);
select * FROM t1;
column1
1
DROP TABLE t1;
# BOOL
CREATE TABLE t1 (
column1 bool dimension=1 lower_bound="0" upper_bound="2" tile_extent="1"
) ENGINE=mytile;
INSERT INTO t1 VALUES (1);
select * FROM t1;
column1
1
DROP TABLE t1;
# SMALLINT
CREATE TABLE t1 (
column1 smallint dimension=1 lower_bound="0" upper_bound="100" tile_extent="10"
) ENGINE=mytile;
INSERT INTO t1 VALUES (1);
select * FROM t1;
column1
1
DROP TABLE t1;
# MEDIUMINT
CREATE TABLE t1 (
column1 mediumint dimension=1 lower_bound="0" upper_bound="100" tile_extent="10"
) ENGINE=mytile;
INSERT INTO t1 VALUES (1);
select * FROM t1;
column1
1
DROP TABLE t1;
# BIGINT
CREATE TABLE t1 (
column1 bigint dimension=1 lower_bound="0" upper_bound="100" tile_extent="10"
) ENGINE=mytile;
INSERT INTO t1 VALUES (1);
select * FROM t1;
column1
1
DROP TABLE t1;
# YEAR
CREATE TABLE t1 (
column1 year dimension=1 lower_bound="0" upper_bound="3000" tile_extent="10"
) ENGINE=mytile;
INSERT INTO t1 VALUES (2017);
select * FROM t1;
column1
2017
DROP TABLE t1;
# BIT
CREATE TABLE t1 (
column1 bit dimension=1 lower_bound="0" upper_bound="100" tile_extent="10"
) ENGINE=mytile;
INSERT INTO t1 VALUES (1);
select column1+0 FROM t1;
column1+0
1
DROP TABLE t1;
# CHAR
CREATE TABLE t1 (
dim1 int dimension=1 lower_bound="0" upper_bound="100" tile_extent="10",
column1 char
) ENGINE=mytile;
INSERT INTO t1 VALUES (1, "t");
select * FROM t1;
dim1	column1
1	t
DROP TABLE t1;
# VARCHAR
CREATE TABLE t1 (
dim1 int dimension=1 lower_bound="0" upper_bound="100" tile_extent="10",
column1 varchar(255)
) ENGINE=mytile;
INSERT INTO t1 VALUES (1, "test");
select * FROM t1;
dim1	column1
1	test
DROP TABLE t1;
# BINARY
CREATE TABLE t1 (
dim1 int dimension=1 lower_bound="0" upper_bound="100" tile_extent="10",
column1 binary
) ENGINE=mytile;
INSERT INTO t1 VALUES (1, "t");
select * FROM t1;
dim1	column1
1	t
DROP TABLE t1;
# ENUM
CREATE TABLE t1 (
dim1 int dimension=1 lower_bound="0" upper_bound="100" tile_extent="10",
column1 enum('test')
) ENGINE=mytile;
INSERT INTO t1 VALUES (1, "test");
select * FROM t1;
dim1	column1
1	test
DROP TABLE t1;
# DATETIME
CREATE TABLE t1 (
datetime1 DATETIME dimension=1 tile_extent="10"
) ENGINE=mytile;
INSERT INTO t1 VALUES ("2017-08-13 00:00:00");
select * FROM t1;
datetime1
2017-08-13 00:00:00
DROP TABLE t1;
# DATETIME(6)
CREATE TABLE t1 (
datetime6 DATETIME(6) dimension=1 tile_extent="10"
) ENGINE=mytile;
INSERT INTO t1 VALUES ("2017-08-13 00:00:00.111111");
select * FROM t1;
datetime6
2017-08-13 00:00:00.111111
DROP TABLE t1;
# TIMESTAMP
CREATE TABLE t1 (
timestamp1 TIMESTAMP dimension=1 tile_extent="10"
) ENGINE=mytile;
INSERT INTO t1 VALUES ("2017-08-13 00:00:00");
select * FROM t1;
timestamp1
2017-08-13 00:00:00
DROP TABLE t1;
# TIMESTAMP(6)
CREATE TABLE t1 (
timestamp6 TIMESTAMP(6) dimension=1 tile_extent="10"
) ENGINE=mytile;
INSERT INTO t1 VALUES ("2017-08-13 00:00:00.111111");
select * FROM t1;
timestamp6
2017-08-13 00:00:00.111111
DROP TABLE t1;
# TINYTEXT
CREATE TABLE t1 (
column1 int dimension=1 lower_bound="0" upper_bound="100" tile_extent="10",
column2 TINYTEXT
) ENGINE=mytile;
INSERT INTO t1 VALUES (1, "test");
select * FROM t1;
column1	column2
1	test
DROP TABLE t1;
# TEXT
CREATE TABLE t1 (
column1 int dimension=1 lower_bound="0" upper_bound="100" tile_extent="10",
column2 TEXT
) ENGINE=mytile;
INSERT INTO t1 VALUES (1, "test");
select * FROM t1;
column1	column2
1	test
DROP TABLE t1;
# MEDIUMTEXT
CREATE TABLE t1 (
column1 int dimension=1 lower_bound="0" upper_bound="100" tile_extent="10",
column2 MEDIUMTEXT
) ENGINE=mytile;
INSERT INTO t1 VALUES (1, "test");
select * FROM t1;
column1	column2
1	test
DROP TABLE t1;
# LONGTEXT
CREATE TABLE t1 (
column1 int dimension=1 lower_bound="0" upper_bound="100" tile_extent="10",
column2 LONGTEXT
) ENGINE=mytile;
INSERT INTO t1 VALUES (1, "test");
select * FROM t1;
column1	column2
1	test
DROP TABLE t1;
# TINYBLOB
CREATE TABLE t1 (
column1 int dimension=1 lower_bound="0" upper_bound="100" tile_extent="10",
column2 TINYBLOB
) ENGINE=mytile;
INSERT INTO t1 VALUES (1, 'aHR0cHM6Ly9naXRodWIuY29tL1NoZWxudXR0Mi9jcnVuY2g=');
select * FROM t1;
column1	column2
1	aHR0cHM6Ly9naXRodWIuY29tL1NoZWxudXR0Mi9jcnVuY2g=
DROP TABLE t1;
# BLOB
CREATE TABLE t1 (
column1 int dimension=1 lower_bound="0" upper_bound="100" tile_extent="10",
column2 BLOB
) ENGINE=mytile;
INSERT INTO t1 VALUES (1, 'aHR0cHM6Ly9naXRodWIuY29tL1NoZWxudXR0Mi9jcnVuY2g=');
select * FROM t1;
column1	column2
1	aHR0cHM6Ly9naXRodWIuY29tL1NoZWxudXR0Mi9jcnVuY2g=
DROP TABLE t1;
# MEDIUMBLOB
CREATE TABLE t1 (
column1 int dimension=1 lower_bound="0" upper_bound="100" tile_extent="10",
column2 MEDIUMBLOB
) ENGINE=mytile;
INSERT INTO t1 VALUES (1, 'aHR0cHM6Ly9naXRodWIuY29tL1NoZWxudXR0Mi9jcnVuY2g=');
select * FROM t1;
column1	column2
1	aHR0cHM6Ly9naXRodWIuY29tL1NoZWxudXR0Mi9jcnVuY2g=
DROP TABLE t1;
# LONGBLOB
CREATE TABLE t1 (
column1 int dimension=1 lower_bound="0" upper_bound="100" tile_extent="10",
column2 LONGBLOB
) ENGINE=mytile;
INSERT INTO t1 VALUES (1, 'aHR0cHM6Ly9naXRodWIuY29tL1NoZWxudXR0Mi9jcnVuY2g=');
select * FROM t1;
column1	column2
1	aHR0cHM6Ly9naXRodWIuY29tL1NoZWxudXR0Mi9jcnVuY2g=
DROP TABLE t1;
# UNSIGNED INTEGER
CREATE TABLE t1 (
column1 smallint unsigned dimension=1 lower_bound="0" upper_bound="65535" tile_extent="1"
) ENGINE=mytile;
INSERT INTO t1 VALUES (1);
INSERT INTO t1 VALUES (-1);
Warnings:
Warning	1264	Out of range value for column 'column1' at row 1
INSERT INTO t1 VALUES (65535);
select * FROM t1 ORDER BY column1 ASC;
column1
0
1
65535
DROP TABLE t1;
# INT and VARCHAR
CREATE TABLE t1 (
column1 varchar(255),
column2 int dimension=1 lower_bound="0" upper_bound="100" tile_extent="10"
) ENGINE=mytile;
INSERT INTO t1 (column1, column2) VALUES ("test", 1);
select column1, column2 FROM t1;
column1	column2
test	1
DROP TABLE t1;
# VARCHAR Dimension
CREATE TABLE t1 (
dim1 varchar(255) dimension=1,
attr1 integer
) ENGINE=mytile;
INSERT INTO t1 VALUES ("a", 1);
select * FROM t1;
dim1	attr1
a	1
DROP TABLE t1;
# Test All Possible Datetime types
CREATE TABLE all_datetimes ENGINE=mytile uri='MTR_SUITE_DIR/test_data/tiledb_arrays/2.0/all_datetimes';;
select id, datetime_attosecond, datetime_femtosecond, datetime_picosecond, datetime_nanosecond, datetime_microsecond, datetime_millisecond, datetime_hour, datetime_day, datetime_second, datetime_minute, datetime_week, datetime_month, datetime_year from all_datetimes;
id	datetime_attosecond	datetime_femtosecond	datetime_picosecond	datetime_nanosecond	datetime_microsecond	datetime_millisecond	datetime_hour	datetime_day	datetime_second	datetime_minute	datetime_week	datetime_month	datetime_year
1	1970-01-01 00:00:12.151381	1970-01-01 04:45:12.283138	1970-04-19 05:32:44.784435	2020-07-26 13:45:55.123456	2020-07-26 13:45:55.123456	2020-07-26 13:45:55.123000	2020-07-26 13:00:00.000000	2020-07-26	2020-07-26 13:45:55.000000	2020-07-26 13:45:00.000000	2020-07-23 00:00:00.000000	2020-06-19 12:00:00.000000	2020
set mytile_delete_arrays=0;
DROP TABLE `all_datetimes`;
set mytile_delete_arrays=1;
