#
# The purpose of this test is to validate MyTile pushdown of datetime conditions
#
CREATE TABLE dt (
column1 datetime(6) dimension=1 tile_extent="10",
column2 BLOB
) ENGINE=mytile;
INSERT INTO dt VALUES ('2020-10-20 00:00:00.000000','aHR0cHM6Ly9naXRodWIuY29tL1NoZWxudXR0Mi9jcnVuY2g=');
INSERT INTO dt VALUES ('2020-10-20 01:00:00.000000','dmFsdWUy');
INSERT INTO dt VALUES ('2020-10-20 02:00:00.000000','dmFsdWU');
SELECT * FROM dt;
column1	column2
2020-10-20 00:00:00.000000	aHR0cHM6Ly9naXRodWIuY29tL1NoZWxudXR0Mi9jcnVuY2g=
2020-10-20 01:00:00.000000	dmFsdWUy
2020-10-20 02:00:00.000000	dmFsdWU
EXPLAIN SELECT column1, column2 FROM dt WHERE column1 = '2020-10-20 02:00:00.000000';
id	select_type	table	type	possible_keys	key	key_len	ref	rows	Extra
1	SIMPLE	dt	ALL	NULL	NULL	NULL	NULL	100000	Using where with pushed condition
SELECT column1, column2 FROM dt WHERE column1 = '2020-10-20 02:00:00.000000';
column1	column2
2020-10-20 02:00:00.000000	dmFsdWU
EXPLAIN SELECT column2 FROM dt WHERE column1 IN ('2020-10-20 00:00:00.000000','2020-10-20 02:00:00.000000') ORDER BY column1 asc;
id	select_type	table	type	possible_keys	key	key_len	ref	rows	Extra
1	SIMPLE	dt	ALL	NULL	NULL	NULL	NULL	100000	Using where with pushed condition; Using temporary; Using filesort
SELECT column2 FROM dt WHERE column1 IN ('2020-10-20 00:00:00.000000','2020-10-20 02:00:00.000000') ORDER BY column1 asc;
column2
aHR0cHM6Ly9naXRodWIuY29tL1NoZWxudXR0Mi9jcnVuY2g=
dmFsdWU
SELECT * FROM dt WHERE column2 = 'dmFsdWU';
column1	column2
2020-10-20 02:00:00.000000	dmFsdWU
DROP TABLE dt;
CREATE TABLE ts (
column1 timestamp(3) dimension=1 tile_extent="10",
column2 VARCHAR(255)
) ENGINE=mytile;
INSERT INTO ts VALUES ('2020-10-20 00:00:00.123','first');
INSERT INTO ts VALUES ('2020-10-21 01:00:00.456','second');
INSERT INTO ts VALUES ('2020-10-22 02:00:00.789','third');
SELECT * FROM ts;
column1	column2
2020-10-20 00:00:00.123	first
2020-10-21 01:00:00.456	second
2020-10-22 02:00:00.789	third
EXPLAIN SELECT column1, column2 FROM ts WHERE column1 = '2020-10-20 00:00:00.123';
id	select_type	table	type	possible_keys	key	key_len	ref	rows	Extra
1	SIMPLE	ts	ALL	NULL	NULL	NULL	NULL	100000	Using where with pushed condition
SELECT column1, column2 FROM ts WHERE column1 = '2020-10-20 00:00:00.123';
column1	column2
2020-10-20 00:00:00.123	first
EXPLAIN SELECT column1, column2 FROM ts WHERE column1 = '2020-10-20 00:00:00.1230';
id	select_type	table	type	possible_keys	key	key_len	ref	rows	Extra
1	SIMPLE	ts	ALL	NULL	NULL	NULL	NULL	100000	Using where with pushed condition
SELECT column1, column2 FROM ts WHERE column1 = '2020-10-20 00:00:00.1230';
column1	column2
2020-10-20 00:00:00.123	first
EXPLAIN SELECT column1, column2 FROM ts WHERE column1 = '2020-10-21 01:00:00.456';
id	select_type	table	type	possible_keys	key	key_len	ref	rows	Extra
1	SIMPLE	ts	ALL	NULL	NULL	NULL	NULL	100000	Using where with pushed condition
SELECT column1, column2 FROM ts WHERE column1 = '2020-10-21 01:00:00.456';
column1	column2
2020-10-21 01:00:00.456	second
EXPLAIN SELECT column1, column2 FROM ts WHERE column1 = '2020-10-21 01:00:00.45600';
id	select_type	table	type	possible_keys	key	key_len	ref	rows	Extra
1	SIMPLE	ts	ALL	NULL	NULL	NULL	NULL	100000	Using where with pushed condition
SELECT column1, column2 FROM ts WHERE column1 = '2020-10-21 01:00:00.45600';
column1	column2
2020-10-21 01:00:00.456	second
EXPLAIN SELECT column1, column2 FROM ts WHERE column1 = '2020-10-22 02:00:00.789';
id	select_type	table	type	possible_keys	key	key_len	ref	rows	Extra
1	SIMPLE	ts	ALL	NULL	NULL	NULL	NULL	100000	Using where with pushed condition
SELECT column1, column2 FROM ts WHERE column1 = '2020-10-22 02:00:00.789';
column1	column2
2020-10-22 02:00:00.789	third
EXPLAIN SELECT column1, column2 FROM ts WHERE column1 = '2020-10-22 02:00:00.789000';
id	select_type	table	type	possible_keys	key	key_len	ref	rows	Extra
1	SIMPLE	ts	ALL	NULL	NULL	NULL	NULL	100000	Using where with pushed condition
SELECT column1, column2 FROM ts WHERE column1 = '2020-10-22 02:00:00.789000';
column1	column2
2020-10-22 02:00:00.789	third
EXPLAIN SELECT column2 FROM ts WHERE column1 IN ('2020-10-20 00:00:00.123', '2020-10-22 02:00:00.789') ORDER BY column1 asc;
id	select_type	table	type	possible_keys	key	key_len	ref	rows	Extra
1	SIMPLE	ts	ALL	NULL	NULL	NULL	NULL	100000	Using where with pushed condition; Using filesort
SELECT column2 FROM ts WHERE column1 IN ('2020-10-20 00:00:00.123', '2020-10-22 02:00:00.789') ORDER BY column1 asc;
column2
first
third
DROP TABLE ts;
CREATE TABLE d (
column1 date dimension=1 tile_extent="10",
column2 int
) ENGINE=mytile;
INSERT INTO d VALUES ('1970-12-31',1970);
INSERT INTO d VALUES ('2000-06-11',2000);
INSERT INTO d VALUES ('2020-10-23',2020);
SELECT * from d;
column1	column2
1970-12-31	1970
2000-06-11	2000
2020-10-23	2020
EXPLAIN SELECT * FROM d WHERE column1 = '1970-12-31';
id	select_type	table	type	possible_keys	key	key_len	ref	rows	Extra
1	SIMPLE	d	ALL	NULL	NULL	NULL	NULL	100000	Using where with pushed condition
SELECT * FROM d WHERE column1 = '1970-12-31';
column1	column2
1970-12-31	1970
EXPLAIN SELECT * FROM d WHERE column1 = '2000-06-11';
id	select_type	table	type	possible_keys	key	key_len	ref	rows	Extra
1	SIMPLE	d	ALL	NULL	NULL	NULL	NULL	100000	Using where with pushed condition
SELECT * FROM d WHERE column1 = '2000-06-11';
column1	column2
2000-06-11	2000
EXPLAIN SELECT * FROM d WHERE column1 = '2020-10-23';
id	select_type	table	type	possible_keys	key	key_len	ref	rows	Extra
1	SIMPLE	d	ALL	NULL	NULL	NULL	NULL	100000	Using where with pushed condition
SELECT * FROM d WHERE column1 = '2020-10-23';
column1	column2
2020-10-23	2020
EXPLAIN SELECT * from d WHERE column1 IN ('1970-12-31', '2000-06-11', '2020-10-23');
id	select_type	table	type	possible_keys	key	key_len	ref	rows	Extra
1	SIMPLE	d	ALL	NULL	NULL	NULL	NULL	100000	Using where with pushed condition
SELECT * from d WHERE column1 IN ('1970-12-31', '2000-06-11', '2020-10-23');
column1	column2
1970-12-31	1970
2000-06-11	2000
2020-10-23	2020
DROP TABLE d;
CREATE TABLE y (
column1 year dimension=1 tile_extent="10",
column2 int
) ENGINE=mytile;
INSERT INTO y VALUES (1970,1970);
INSERT INTO y VALUES (2000,2000);
INSERT INTO y VALUES (2050,2050);
SELECT * from y;
column1	column2
1970	1970
2000	2000
2050	2050
EXPLAIN SELECT * FROM y WHERE column1 = 1970;
id	select_type	table	type	possible_keys	key	key_len	ref	rows	Extra
1	SIMPLE	y	ALL	NULL	NULL	NULL	NULL	100000	Using where with pushed condition
SELECT * FROM y WHERE column1 = 1970;
column1	column2
1970	1970
EXPLAIN SELECT * FROM y WHERE column1 = 2000;
id	select_type	table	type	possible_keys	key	key_len	ref	rows	Extra
1	SIMPLE	y	ALL	NULL	NULL	NULL	NULL	100000	Using where with pushed condition
SELECT * FROM y WHERE column1 = 2000;
column1	column2
2000	2000
EXPLAIN SELECT * FROM y WHERE column1 = 2050;
id	select_type	table	type	possible_keys	key	key_len	ref	rows	Extra
1	SIMPLE	y	ALL	NULL	NULL	NULL	NULL	100000	Using where with pushed condition
SELECT * FROM y WHERE column1 = 2050;
column1	column2
2050	2050
EXPLAIN SELECT * from y WHERE column1 IN (1970, 2000, 2050);
id	select_type	table	type	possible_keys	key	key_len	ref	rows	Extra
1	SIMPLE	y	ALL	NULL	NULL	NULL	NULL	100000	Using where with pushed condition
SELECT * from y WHERE column1 IN (1970, 2000, 2050);
column1	column2
1970	1970
2000	2000
2050	2050
DROP TABLE y;
CREATE TABLE dt (
column1 datetime(0) dimension=1 tile_extent="10",
column2 VARCHAR(255)
) ENGINE=mytile;
INSERT INTO dt VALUES ('2020-01-01 00:00:00','jan');
INSERT INTO dt VALUES ('2020-02-20 01:00:00','feb');
INSERT INTO dt VALUES ('2020-03-20 02:00:00','mar');
INSERT INTO dt VALUES ('2020-04-20 02:00:00','apr');
INSERT INTO dt VALUES ('2020-05-20 04:00:00','may');
INSERT INTO dt VALUES ('2020-06-20 05:00:00','jun');
INSERT INTO dt VALUES ('2020-07-20 06:00:00','jul');
INSERT INTO dt VALUES ('2020-08-20 07:00:00','aug');
INSERT INTO dt VALUES ('2020-09-20 08:00:00','sep');
INSERT INTO dt VALUES ('2020-10-20 09:00:00','oct');
SELECT * from dt WHERE column1 > '2020-01-01 00:00:00';
column1	column2
2020-02-20 01:00:00	feb
2020-03-20 02:00:00	mar
2020-04-20 02:00:00	apr
2020-05-20 04:00:00	may
2020-06-20 05:00:00	jun
2020-07-20 06:00:00	jul
2020-08-20 07:00:00	aug
2020-09-20 08:00:00	sep
2020-10-20 09:00:00	oct
SELECT * from dt WHERE column1 < '2020-10-20 09:00:00';
column1	column2
2020-01-01 00:00:00	jan
2020-02-20 01:00:00	feb
2020-03-20 02:00:00	mar
2020-04-20 02:00:00	apr
2020-05-20 04:00:00	may
2020-06-20 05:00:00	jun
2020-07-20 06:00:00	jul
2020-08-20 07:00:00	aug
2020-09-20 08:00:00	sep
SELECT * from dt WHERE column1 >= '2020-01-01 00:00:00';
column1	column2
2020-01-01 00:00:00	jan
2020-02-20 01:00:00	feb
2020-03-20 02:00:00	mar
2020-04-20 02:00:00	apr
2020-05-20 04:00:00	may
2020-06-20 05:00:00	jun
2020-07-20 06:00:00	jul
2020-08-20 07:00:00	aug
2020-09-20 08:00:00	sep
2020-10-20 09:00:00	oct
SELECT * from dt WHERE column1 <= '2020-10-20 09:00:00';
column1	column2
2020-01-01 00:00:00	jan
2020-02-20 01:00:00	feb
2020-03-20 02:00:00	mar
2020-04-20 02:00:00	apr
2020-05-20 04:00:00	may
2020-06-20 05:00:00	jun
2020-07-20 06:00:00	jul
2020-08-20 07:00:00	aug
2020-09-20 08:00:00	sep
2020-10-20 09:00:00	oct
SELECT * from dt WHERE column1 > '2020-01-01 00:00:00' AND column1 <= '2020-05-20 04:00:00';
column1	column2
2020-02-20 01:00:00	feb
2020-03-20 02:00:00	mar
2020-04-20 02:00:00	apr
2020-05-20 04:00:00	may
SELECT * from dt WHERE column1 >= '2020-06-20 05:00:00' AND column1 <= '2020-10-20 09:00:00';
column1	column2
2020-06-20 05:00:00	jun
2020-07-20 06:00:00	jul
2020-08-20 07:00:00	aug
2020-09-20 08:00:00	sep
2020-10-20 09:00:00	oct
SELECT * from dt WHERE column1 > '2020-02-20 01:00:00' AND column1 < '2020-09-20 08:00:00';
column1	column2
2020-03-20 02:00:00	mar
2020-04-20 02:00:00	apr
2020-05-20 04:00:00	may
2020-06-20 05:00:00	jun
2020-07-20 06:00:00	jul
2020-08-20 07:00:00	aug
SELECT * from dt WHERE column1 between '2020-06-20 05:00:00' AND '2020-10-20 09:00:00';
column1	column2
2020-06-20 05:00:00	jun
2020-07-20 06:00:00	jul
2020-08-20 07:00:00	aug
2020-09-20 08:00:00	sep
2020-10-20 09:00:00	oct
DROP TABLE dt;
CREATE TABLE datetime_dimensions ENGINE=mytile uri='MTR_SUITE_DIR/test_data/tiledb_arrays/2.0/datetime_dimensions';;
EXPLAIN SELECT dt_y FROM datetime_dimensions WHERE dt_y = 2020;
id	select_type	table	type	possible_keys	key	key_len	ref	rows	Extra
1	SIMPLE	datetime_dimensions	ref	PRIMARY	PRIMARY	1	const	10000	Using index
SELECT dt_y FROM datetime_dimensions WHERE dt_y = 2020;
dt_y
2020
EXPLAIN SELECT dt_m FROM datetime_dimensions WHERE dt_m = '2029-12-17 00:00:00.000000';
id	select_type	table	type	possible_keys	key	key_len	ref	rows	Extra
1	SIMPLE	datetime_dimensions	index	NULL	PRIMARY	81	NULL	100000	Using where with pushed condition; Using index
SELECT dt_m FROM datetime_dimensions WHERE dt_m = '2029-12-17 00:00:00.000000';
dt_m
2029-12-17 00:00:00.000000
EXPLAIN SELECT dt_w FROM datetime_dimensions WHERE dt_w = '2017-11-30 00:00:00.000000';
id	select_type	table	type	possible_keys	key	key_len	ref	rows	Extra
1	SIMPLE	datetime_dimensions	index	NULL	PRIMARY	81	NULL	100000	Using where with pushed condition; Using index
SELECT dt_w FROM datetime_dimensions WHERE dt_w = '2017-11-30 00:00:00.000000';
dt_w
2017-11-30 00:00:00.000000
EXPLAIN SELECT dt_d FROM datetime_dimensions WHERE dt_d = '2020-10-25';
id	select_type	table	type	possible_keys	key	key_len	ref	rows	Extra
1	SIMPLE	datetime_dimensions	index	NULL	PRIMARY	81	NULL	100000	Using where with pushed condition; Using index
SELECT dt_d FROM datetime_dimensions WHERE dt_d = '2020-10-25';
dt_d
2020-10-25
EXPLAIN SELECT dt_hr FROM datetime_dimensions WHERE dt_hr = '2020-10-25 13:00:00.000000';
id	select_type	table	type	possible_keys	key	key_len	ref	rows	Extra
1	SIMPLE	datetime_dimensions	index	NULL	PRIMARY	81	NULL	100000	Using where with pushed condition; Using index
SELECT dt_hr FROM datetime_dimensions WHERE dt_hr = '2020-10-25 13:00:00.000000';
dt_hr
2020-10-25 13:00:00.000000
EXPLAIN SELECT dt_min FROM datetime_dimensions WHERE dt_min = '2020-10-25 13:07:00.000000';
id	select_type	table	type	possible_keys	key	key_len	ref	rows	Extra
1	SIMPLE	datetime_dimensions	index	NULL	PRIMARY	81	NULL	100000	Using where with pushed condition; Using index
SELECT dt_min FROM datetime_dimensions WHERE dt_min = '2020-10-25 13:07:00.000000';
dt_min
2020-10-25 13:07:00.000000
EXPLAIN SELECT dt_s FROM datetime_dimensions WHERE dt_s = '2020-10-25 13:07:18.000000';
id	select_type	table	type	possible_keys	key	key_len	ref	rows	Extra
1	SIMPLE	datetime_dimensions	index	NULL	PRIMARY	81	NULL	100000	Using where with pushed condition; Using index
SELECT dt_s FROM datetime_dimensions WHERE dt_s = '2020-10-25 13:07:18.000000';
dt_s
2020-10-25 13:07:18.000000
EXPLAIN SELECT dt_ms FROM datetime_dimensions WHERE dt_ms = '2020-10-25 13:07:18.000000';
id	select_type	table	type	possible_keys	key	key_len	ref	rows	Extra
1	SIMPLE	datetime_dimensions	index	NULL	PRIMARY	81	NULL	100000	Using where with pushed condition; Using index
SELECT dt_ms FROM datetime_dimensions WHERE dt_ms = '2020-10-25 13:07:18.000000';
dt_ms
2020-10-25 13:07:18.000000
EXPLAIN SELECT dt_us FROM datetime_dimensions WHERE dt_us = '2020-10-25 13:07:18.000000';
id	select_type	table	type	possible_keys	key	key_len	ref	rows	Extra
1	SIMPLE	datetime_dimensions	index	NULL	PRIMARY	81	NULL	100000	Using where with pushed condition; Using index
SELECT dt_us FROM datetime_dimensions WHERE dt_us = '2020-10-25 13:07:18.000000';
dt_us
2020-10-25 13:07:18.000000
EXPLAIN SELECT dt_ns FROM datetime_dimensions WHERE dt_ns = '2020-10-25 13:07:18.000000';
id	select_type	table	type	possible_keys	key	key_len	ref	rows	Extra
1	SIMPLE	datetime_dimensions	index	NULL	PRIMARY	81	NULL	100000	Using where with pushed condition; Using index
SELECT dt_ns FROM datetime_dimensions WHERE dt_ns = '2020-10-25 13:07:18.000000';
dt_ns
2020-10-25 13:07:18.000000
EXPLAIN SELECT dt_ps FROM datetime_dimensions WHERE dt_ps = '1970-01-01 00:00:00.012300';
id	select_type	table	type	possible_keys	key	key_len	ref	rows	Extra
1	SIMPLE	datetime_dimensions	index	NULL	PRIMARY	81	NULL	100000	Using where with pushed condition; Using index
SELECT dt_ps FROM datetime_dimensions WHERE dt_ps = '1970-01-01 00:00:00.012300';
dt_ps
1970-01-01 00:00:00.012300
EXPLAIN SELECT dt_fs FROM datetime_dimensions WHERE dt_fs = '1970-01-01 00:00:00.012300';
id	select_type	table	type	possible_keys	key	key_len	ref	rows	Extra
1	SIMPLE	datetime_dimensions	index	NULL	PRIMARY	81	NULL	100000	Using where with pushed condition; Using index
SELECT dt_fs FROM datetime_dimensions WHERE dt_fs = '1970-01-01 00:00:00.012300';
dt_fs
1970-01-01 00:00:00.012300
EXPLAIN SELECT dt_as FROM datetime_dimensions WHERE dt_as = '1970-01-01 00:00:00.012300';
id	select_type	table	type	possible_keys	key	key_len	ref	rows	Extra
1	SIMPLE	datetime_dimensions	index	NULL	PRIMARY	81	NULL	100000	Using where with pushed condition; Using index
SELECT dt_as FROM datetime_dimensions WHERE dt_as = '1970-01-01 00:00:00.012300';
dt_as
1970-01-01 00:00:00.012300
ch 3675 dates as key
EXPLAIN SELECT * FROM datetime_dimensions WHERE dt_y = 2020 AND dt_m = '2029-12-17 00:00:00.000000' AND dt_w = '2017-11-30 00:00:00.000000' AND dt_d = '2020-10-25' AND dt_hr = '2020-10-25 13:00:00.000000' AND dt_min = '2020-10-25 13:07:00.000000' AND dt_s = '2020-10-25 13:07:18.000000' AND dt_ms = '2020-10-25 13:07:18.000000' AND dt_us = '2020-10-25 13:07:18.000000' AND dt_ns = '2020-10-25 13:07:18.000000' AND dt_ps = '1970-01-01 00:00:00.012300' AND dt_fs = '1970-01-01 00:00:00.012300' AND dt_as = '1970-01-01 00:00:00.012300';
id	select_type	table	type	possible_keys	key	key_len	ref	rows	Extra
1	SIMPLE	datetime_dimensions	const	PRIMARY	PRIMARY	81	const,const,const,const,const,const,const,const,const,const,const,const,const	1	
SELECT * FROM datetime_dimensions WHERE dt_y = 2020 AND dt_m = '2029-12-17 00:00:00.000000' AND dt_w = '2017-11-30 00:00:00.000000' AND dt_d = '2020-10-25' AND dt_hr = '2020-10-25 13:00:00.000000' AND dt_min = '2020-10-25 13:07:00.000000' AND dt_s = '2020-10-25 13:07:18.000000' AND dt_ms = '2020-10-25 13:07:18.000000' AND dt_us = '2020-10-25 13:07:18.000000' AND dt_ns = '2020-10-25 13:07:18.000000' AND dt_ps = '1970-01-01 00:00:00.012300' AND dt_fs = '1970-01-01 00:00:00.012300' AND dt_as = '1970-01-01 00:00:00.012300';
dt_y	dt_m	dt_w	dt_d	dt_hr	dt_min	dt_s	dt_ms	dt_us	dt_ns	dt_ps	dt_fs	dt_as	a1
2020	2029-12-17 00:00:00.000000	2017-11-30 00:00:00.000000	2020-10-25	2020-10-25 13:00:00.000000	2020-10-25 13:07:00.000000	2020-10-25 13:07:18.000000	2020-10-25 13:07:18.000000	2020-10-25 13:07:18.000000	2020-10-25 13:07:18.000000	1970-01-01 00:00:00.012300	1970-01-01 00:00:00.012300	1970-01-01 00:00:00.012300	a
set mytile_delete_arrays=0;
DROP TABLE datetime_dimensions;
set mytile_delete_arrays=1;
