CREATE TABLE test_dense (
dim0 bigint UNSIGNED DIMENSION=1 lower_bound="0" upper_bound="100" tile_extent="10",
attr1 varchar(255),
attr2 int
) engine=MyTile array_type='DENSE';
INSERT INTO
test_dense (dim0, attr1, attr2)
VALUES
(1, "cell 1", 100),
(2, "cell 2", 200),
(3, "cell 3", 300);
SELECT * FROM test_dense;
dim0	attr1	attr2
1	cell 1	100
2	cell 2	200
3	cell 3	300
INSERT INTO
test_dense (dim0, attr1, attr2)
VALUES
(1, "cell 10", 1000),
(2, "cell 20", 2000);
SELECT * FROM test_dense;
dim0	attr1	attr2
1	cell 10	1000
2	cell 20	2000
3	cell 3	300
DROP TABLE test_dense;
