#
# The purpose of this test is to build and query a table having heterogeneus dimensions
#
# FLOAT32, INT64
CREATE TABLE t1 (d1 float dimension=1 lower_bound="1.0" upper_bound="20.0" tile_extent="5.0",
d2 bigint dimension=1 lower_bound="1" upper_bound="30" tile_extent="5",
a int
) ENGINE=mytile;
INSERT INTO t1 (d1, d2, a) VALUES (1.1, 1, 1);
INSERT INTO t1 (d1, d2, a) VALUES (1.2, 2, 2);
INSERT INTO t1 (d1, d2, a) VALUES (1.3, 3, 3);
INSERT INTO t1 (d1, d2, a) VALUES (1.4, 4, 4);
INSERT INTO t1 (d1, d2, a) VALUES (1.5, 5, 5);
INSERT INTO t1 (d1, d2, a) VALUES (1.6, 6, 6);
select * FROM t1;
d1	d2	a
1.1	1	1
1.2	2	2
1.3	3	3
1.4	4	4
1.5	5	5
1.6	6	6
select * from t1 where d1 > 1.3;
d1	d2	a
1.4	4	4
1.5	5	5
1.6	6	6
select * from t1 where d1 < 1.3;
d1	d2	a
1.1	1	1
1.2	2	2
select * from t1 where d2 > 4;
d1	d2	a
1.5	5	5
1.6	6	6
select * from t1 where d2 < 4;
d1	d2	a
1.1	1	1
1.2	2	2
1.3	3	3
DROP TABLE t1;
