This tests nullable attributes in MyTile
simple int
CREATE TABLE t0 (
dim0 int dimension=1 tile_extent="10",
attr0 int NULL
) ENGINE=mytile;
INSERT INTO t0 VALUES (0, 0);
INSERT INTO t0 VALUES (1, null);
SELECT * FROM t0;
dim0	attr0
0	0
1	NULL
INSERT INTO t0 VALUES (2, 2),(3, null);
INSERT INTO t0 VALUES (4, 4),(5, null);
SELECT * FROM t0;
dim0	attr0
0	0
1	NULL
2	2
3	NULL
4	4
5	NULL
INSERT INTO t0 VALUES (6, 6);
SELECT * FROM t0;
dim0	attr0
0	0
1	NULL
2	2
3	NULL
4	4
5	NULL
6	6
SELECT * FROM t0 WHERE attr0 IS NULL;
dim0	attr0
1	NULL
3	NULL
5	NULL
SELECT * FROM t0 WHERE attr0 IS NOT NULL;
dim0	attr0
0	0
2	2
4	4
6	6
DROP TABLE t0;
fixed string
CREATE TABLE t0 (
dim0 int dimension=1 tile_extent="10",
attr0 CHAR(10)
) ENGINE=mytile;
INSERT INTO t0 VALUES (0, null);
INSERT INTO t0 VALUES (1, null);
INSERT INTO t0 VALUES (2, null);
SELECT * FROM t0;
dim0	attr0
0	NULL
1	NULL
2	NULL
INSERT INTO t0 VALUES (3, '0123456789'),(4, 'abcdefghij');
INSERT INTO t0 VALUES (5, 'klmnopqrst');
SELECT * FROM t0;
dim0	attr0
0	NULL
1	NULL
2	NULL
3	0123456789
4	abcdefghij
5	klmnopqrst
INSERT INTO t0 VALUES (6, null),(7, null),(8, null);
SELECT * FROM t0;
dim0	attr0
0	NULL
1	NULL
2	NULL
3	0123456789
4	abcdefghij
5	klmnopqrst
6	NULL
7	NULL
8	NULL
INSERT INTO t0 VALUES (9, '012');
INSERT INTO t0 VALUES (10, 'abcd'),(11, 'klmno');
SELECT * FROM t0;
dim0	attr0
0	NULL
1	NULL
2	NULL
3	0123456789
4	abcdefghij
5	klmnopqrst
6	NULL
7	NULL
8	NULL
9	012
10	abcd
11	klmno
INSERT INTO t0 VALUES (12, null);
SELECT * FROM t0;
dim0	attr0
0	NULL
1	NULL
2	NULL
3	0123456789
4	abcdefghij
5	klmnopqrst
6	NULL
7	NULL
8	NULL
9	012
10	abcd
11	klmno
12	NULL
SELECT * FROM t0 WHERE attr0 IS NULL;
dim0	attr0
0	NULL
1	NULL
2	NULL
6	NULL
7	NULL
8	NULL
12	NULL
SELECT * FROM t0 WHERE attr0 IS NOT NULL;
dim0	attr0
3	0123456789
4	abcdefghij
5	klmnopqrst
9	012
10	abcd
11	klmno
DROP TABLE t0;
var string
CREATE TABLE t0 (
dim0 int dimension=1 tile_extent="10",
attr0 varchar(255) NULL
) ENGINE=mytile;
INSERT INTO t0 VALUES (0, 'a'),(1, 'b'),(2, 'c');
SELECT * FROM t0;
dim0	attr0
0	a
1	b
2	c
INSERT INTO t0 VALUES (3, null);
SELECT * FROM t0;
dim0	attr0
0	a
1	b
2	c
3	NULL
INSERT INTO t0 VALUES (4, 'abc');
INSERT INTO t0 VALUES (5, 'def');
INSERT INTO t0 VALUES (6, 'ghi');
SELECT * FROM t0;
dim0	attr0
0	a
1	b
2	c
3	NULL
4	abc
5	def
6	ghi
INSERT INTO t0 VALUES (7, null);
SELECT * FROM t0;
dim0	attr0
0	a
1	b
2	c
3	NULL
4	abc
5	def
6	ghi
7	NULL
INSERT INTO t0 VALUES (8, '0'),(9, '012345');
INSERT INTO t0 VALUES (10, '0123456789');
SELECT * FROM t0;
dim0	attr0
0	a
1	b
2	c
3	NULL
4	abc
5	def
6	ghi
7	NULL
8	0
9	012345
10	0123456789
INSERT INTO t0 VALUES (11, null),(12, null);
SELECT * FROM t0;
dim0	attr0
0	a
1	b
2	c
3	NULL
4	abc
5	def
6	ghi
7	NULL
8	0
9	012345
10	0123456789
11	NULL
12	NULL
SELECT * FROM t0 WHERE attr0 IS NULL;
dim0	attr0
3	NULL
7	NULL
11	NULL
12	NULL
SELECT * FROM t0 WHERE attr0 IS NOT NULL;
dim0	attr0
0	a
1	b
2	c
4	abc
5	def
6	ghi
8	0
9	012345
10	0123456789
DROP TABLE t0;
mixed
CREATE TABLE t0 (
dim0 int dimension=1 tile_extent="10",
attr0 int NOT NULL,
attr1 int NULL,
attr2 varchar(128) NOT NULL,
attr3 varchar(128) NULL
) ENGINE=mytile;
INSERT INTO t0 VALUES (0, 123, 123, 'abc', 'abc');
SELECT * FROM t0;
dim0	attr0	attr1	attr2	attr3
0	123	123	abc	abc
INSERT INTO t0 VALUES (1, 123, null, 'abc', null);
SELECT * FROM t0;
dim0	attr0	attr1	attr2	attr3
0	123	123	abc	abc
1	123	NULL	abc	NULL
INSERT INTO t0 VALUES (2, 123, null, 'abc', 'def');
INSERT INTO t0 VALUES (3, 123, 456, 'abc', null);
SELECT * FROM t0;
dim0	attr0	attr1	attr2	attr3
0	123	123	abc	abc
1	123	NULL	abc	NULL
2	123	NULL	abc	def
3	123	456	abc	NULL
INSERT INTO t0 VALUES (4, 789, 789, 'ghi', 'ghi');
SELECT * FROM t0;
dim0	attr0	attr1	attr2	attr3
0	123	123	abc	abc
1	123	NULL	abc	NULL
2	123	NULL	abc	def
3	123	456	abc	NULL
4	789	789	ghi	ghi
INSERT INTO t0 VALUES (5, 789, null, 'ghi', null);
SELECT * FROM t0;
dim0	attr0	attr1	attr2	attr3
0	123	123	abc	abc
1	123	NULL	abc	NULL
2	123	NULL	abc	def
3	123	456	abc	NULL
4	789	789	ghi	ghi
5	789	NULL	ghi	NULL
SELECT * FROM t0 WHERE attr0 IS NULL;
dim0	attr0	attr1	attr2	attr3
SELECT * FROM t0 WHERE attr0 IS NOT NULL;
dim0	attr0	attr1	attr2	attr3
0	123	123	abc	abc
1	123	NULL	abc	NULL
2	123	NULL	abc	def
3	123	456	abc	NULL
4	789	789	ghi	ghi
5	789	NULL	ghi	NULL
SELECT * FROM t0 WHERE attr1 IS NULL;
dim0	attr0	attr1	attr2	attr3
1	123	NULL	abc	NULL
2	123	NULL	abc	def
5	789	NULL	ghi	NULL
SELECT * FROM t0 WHERE attr1 IS NOT NULL;
dim0	attr0	attr1	attr2	attr3
0	123	123	abc	abc
3	123	456	abc	NULL
4	789	789	ghi	ghi
SELECT * FROM t0 WHERE attr2 IS NULL;
dim0	attr0	attr1	attr2	attr3
SELECT * FROM t0 WHERE attr2 IS NOT NULL;
dim0	attr0	attr1	attr2	attr3
0	123	123	abc	abc
1	123	NULL	abc	NULL
2	123	NULL	abc	def
3	123	456	abc	NULL
4	789	789	ghi	ghi
5	789	NULL	ghi	NULL
SELECT * FROM t0 WHERE attr3 IS NULL;
dim0	attr0	attr1	attr2	attr3
1	123	NULL	abc	NULL
3	123	456	abc	NULL
5	789	NULL	ghi	NULL
SELECT * FROM t0 WHERE attr3 IS NOT NULL;
dim0	attr0	attr1	attr2	attr3
0	123	123	abc	abc
2	123	NULL	abc	def
4	789	789	ghi	ghi
DROP TABLE t0;
datatypes
CREATE TABLE t0 (
dim0 int dimension=1 tile_extent="10",
attr0 year,
attr1 float,
attr2 double,
attr3 bool,
attr4 DateTime(0),
attr5 DateTime(6),
attr6 TimeStamp(0),
attr7 TimeStamp(6),
attr8 blob,
attr9 text
) ENGINE=mytile;
INSERT INTO t0 VALUES (0, 2020, 3.14, 3.14159, true, '2020-11-30 12:34:56', '2020-11-30 12:34:56.123456', '2020-11-30 12:34:56', '2020-11-30 12:34:56.123456', 'bl0b', 'text');
SELECT * FROM t0;
dim0	attr0	attr1	attr2	attr3	attr4	attr5	attr6	attr7	attr8	attr9
0	2020	3.14	3.14159	1	2020-11-30 12:34:56	2020-11-30 12:34:56.123456	2020-11-30 12:34:56	2020-11-30 12:34:56.123456	bl0b	text
INSERT INTO t0 VALUES (1, null, null, null, null, null, null, null, null, null, null);
SELECT * FROM t0;
dim0	attr0	attr1	attr2	attr3	attr4	attr5	attr6	attr7	attr8	attr9
0	2020	3.14	3.14159	1	2020-11-30 12:34:56	2020-11-30 12:34:56.123456	2020-11-30 12:34:56	2020-11-30 12:34:56.123456	bl0b	text
1	NULL	NULL	NULL	NULL	NULL	NULL	NULL	NULL	NULL	NULL
INSERT INTO t0 VALUES (2, null, null, null, null, null, null, null, null, null, null);
SELECT * FROM t0;
dim0	attr0	attr1	attr2	attr3	attr4	attr5	attr6	attr7	attr8	attr9
0	2020	3.14	3.14159	1	2020-11-30 12:34:56	2020-11-30 12:34:56.123456	2020-11-30 12:34:56	2020-11-30 12:34:56.123456	bl0b	text
1	NULL	NULL	NULL	NULL	NULL	NULL	NULL	NULL	NULL	NULL
2	NULL	NULL	NULL	NULL	NULL	NULL	NULL	NULL	NULL	NULL
INSERT INTO t0 VALUES (3, 2019, 3.0, 3.01, false, '2020-12-01 12:34:56', '2020-12-01 12:34:56.123456', '2020-12-01 12:34:56', '2020-12-01 12:34:56.123456', 'bl0b2', 'text2');
SELECT * FROM t0;
dim0	attr0	attr1	attr2	attr3	attr4	attr5	attr6	attr7	attr8	attr9
0	2020	3.14	3.14159	1	2020-11-30 12:34:56	2020-11-30 12:34:56.123456	2020-11-30 12:34:56	2020-11-30 12:34:56.123456	bl0b	text
1	NULL	NULL	NULL	NULL	NULL	NULL	NULL	NULL	NULL	NULL
2	NULL	NULL	NULL	NULL	NULL	NULL	NULL	NULL	NULL	NULL
3	2019	3	3.01	0	2020-12-01 12:34:56	2020-12-01 12:34:56.123456	2020-12-01 12:34:56	2020-12-01 12:34:56.123456	bl0b2	text2
INSERT INTO t0 VALUES (4, 2018, 3.0, 3.01, false, '2020-12-02 12:34:56', '2020-12-02 12:34:56.123456', '2020-12-02 12:34:56', '2020-12-02 12:34:56.123456', 'bl0b3', 'text3');
SELECT * FROM t0;
dim0	attr0	attr1	attr2	attr3	attr4	attr5	attr6	attr7	attr8	attr9
0	2020	3.14	3.14159	1	2020-11-30 12:34:56	2020-11-30 12:34:56.123456	2020-11-30 12:34:56	2020-11-30 12:34:56.123456	bl0b	text
1	NULL	NULL	NULL	NULL	NULL	NULL	NULL	NULL	NULL	NULL
2	NULL	NULL	NULL	NULL	NULL	NULL	NULL	NULL	NULL	NULL
3	2019	3	3.01	0	2020-12-01 12:34:56	2020-12-01 12:34:56.123456	2020-12-01 12:34:56	2020-12-01 12:34:56.123456	bl0b2	text2
4	2018	3	3.01	0	2020-12-02 12:34:56	2020-12-02 12:34:56.123456	2020-12-02 12:34:56	2020-12-02 12:34:56.123456	bl0b3	text3
SELECT * FROM t0 WHERE attr0 IS NULL;
dim0	attr0	attr1	attr2	attr3	attr4	attr5	attr6	attr7	attr8	attr9
1	NULL	NULL	NULL	NULL	NULL	NULL	NULL	NULL	NULL	NULL
2	NULL	NULL	NULL	NULL	NULL	NULL	NULL	NULL	NULL	NULL
SELECT * FROM t0 WHERE attr0 IS NOT NULL;
dim0	attr0	attr1	attr2	attr3	attr4	attr5	attr6	attr7	attr8	attr9
0	2020	3.14	3.14159	1	2020-11-30 12:34:56	2020-11-30 12:34:56.123456	2020-11-30 12:34:56	2020-11-30 12:34:56.123456	bl0b	text
3	2019	3	3.01	0	2020-12-01 12:34:56	2020-12-01 12:34:56.123456	2020-12-01 12:34:56	2020-12-01 12:34:56.123456	bl0b2	text2
4	2018	3	3.01	0	2020-12-02 12:34:56	2020-12-02 12:34:56.123456	2020-12-02 12:34:56	2020-12-02 12:34:56.123456	bl0b3	text3
SELECT * FROM t0 WHERE attr1 IS NULL;
dim0	attr0	attr1	attr2	attr3	attr4	attr5	attr6	attr7	attr8	attr9
1	NULL	NULL	NULL	NULL	NULL	NULL	NULL	NULL	NULL	NULL
2	NULL	NULL	NULL	NULL	NULL	NULL	NULL	NULL	NULL	NULL
SELECT * FROM t0 WHERE attr1 IS NOT NULL;
dim0	attr0	attr1	attr2	attr3	attr4	attr5	attr6	attr7	attr8	attr9
0	2020	3.14	3.14159	1	2020-11-30 12:34:56	2020-11-30 12:34:56.123456	2020-11-30 12:34:56	2020-11-30 12:34:56.123456	bl0b	text
3	2019	3	3.01	0	2020-12-01 12:34:56	2020-12-01 12:34:56.123456	2020-12-01 12:34:56	2020-12-01 12:34:56.123456	bl0b2	text2
4	2018	3	3.01	0	2020-12-02 12:34:56	2020-12-02 12:34:56.123456	2020-12-02 12:34:56	2020-12-02 12:34:56.123456	bl0b3	text3
SELECT * FROM t0 WHERE attr2 IS NULL;
dim0	attr0	attr1	attr2	attr3	attr4	attr5	attr6	attr7	attr8	attr9
1	NULL	NULL	NULL	NULL	NULL	NULL	NULL	NULL	NULL	NULL
2	NULL	NULL	NULL	NULL	NULL	NULL	NULL	NULL	NULL	NULL
SELECT * FROM t0 WHERE attr2 IS NOT NULL;
dim0	attr0	attr1	attr2	attr3	attr4	attr5	attr6	attr7	attr8	attr9
0	2020	3.14	3.14159	1	2020-11-30 12:34:56	2020-11-30 12:34:56.123456	2020-11-30 12:34:56	2020-11-30 12:34:56.123456	bl0b	text
3	2019	3	3.01	0	2020-12-01 12:34:56	2020-12-01 12:34:56.123456	2020-12-01 12:34:56	2020-12-01 12:34:56.123456	bl0b2	text2
4	2018	3	3.01	0	2020-12-02 12:34:56	2020-12-02 12:34:56.123456	2020-12-02 12:34:56	2020-12-02 12:34:56.123456	bl0b3	text3
SELECT * FROM t0 WHERE attr3 IS NULL;
dim0	attr0	attr1	attr2	attr3	attr4	attr5	attr6	attr7	attr8	attr9
1	NULL	NULL	NULL	NULL	NULL	NULL	NULL	NULL	NULL	NULL
2	NULL	NULL	NULL	NULL	NULL	NULL	NULL	NULL	NULL	NULL
SELECT * FROM t0 WHERE attr3 IS NOT NULL;
dim0	attr0	attr1	attr2	attr3	attr4	attr5	attr6	attr7	attr8	attr9
0	2020	3.14	3.14159	1	2020-11-30 12:34:56	2020-11-30 12:34:56.123456	2020-11-30 12:34:56	2020-11-30 12:34:56.123456	bl0b	text
3	2019	3	3.01	0	2020-12-01 12:34:56	2020-12-01 12:34:56.123456	2020-12-01 12:34:56	2020-12-01 12:34:56.123456	bl0b2	text2
4	2018	3	3.01	0	2020-12-02 12:34:56	2020-12-02 12:34:56.123456	2020-12-02 12:34:56	2020-12-02 12:34:56.123456	bl0b3	text3
SELECT * FROM t0 WHERE attr4 IS NULL;
dim0	attr0	attr1	attr2	attr3	attr4	attr5	attr6	attr7	attr8	attr9
1	NULL	NULL	NULL	NULL	NULL	NULL	NULL	NULL	NULL	NULL
2	NULL	NULL	NULL	NULL	NULL	NULL	NULL	NULL	NULL	NULL
SELECT * FROM t0 WHERE attr4 IS NOT NULL;
dim0	attr0	attr1	attr2	attr3	attr4	attr5	attr6	attr7	attr8	attr9
0	2020	3.14	3.14159	1	2020-11-30 12:34:56	2020-11-30 12:34:56.123456	2020-11-30 12:34:56	2020-11-30 12:34:56.123456	bl0b	text
3	2019	3	3.01	0	2020-12-01 12:34:56	2020-12-01 12:34:56.123456	2020-12-01 12:34:56	2020-12-01 12:34:56.123456	bl0b2	text2
4	2018	3	3.01	0	2020-12-02 12:34:56	2020-12-02 12:34:56.123456	2020-12-02 12:34:56	2020-12-02 12:34:56.123456	bl0b3	text3
SELECT * FROM t0 WHERE attr5 IS NULL;
dim0	attr0	attr1	attr2	attr3	attr4	attr5	attr6	attr7	attr8	attr9
1	NULL	NULL	NULL	NULL	NULL	NULL	NULL	NULL	NULL	NULL
2	NULL	NULL	NULL	NULL	NULL	NULL	NULL	NULL	NULL	NULL
SELECT * FROM t0 WHERE attr5 IS NOT NULL;
dim0	attr0	attr1	attr2	attr3	attr4	attr5	attr6	attr7	attr8	attr9
0	2020	3.14	3.14159	1	2020-11-30 12:34:56	2020-11-30 12:34:56.123456	2020-11-30 12:34:56	2020-11-30 12:34:56.123456	bl0b	text
3	2019	3	3.01	0	2020-12-01 12:34:56	2020-12-01 12:34:56.123456	2020-12-01 12:34:56	2020-12-01 12:34:56.123456	bl0b2	text2
4	2018	3	3.01	0	2020-12-02 12:34:56	2020-12-02 12:34:56.123456	2020-12-02 12:34:56	2020-12-02 12:34:56.123456	bl0b3	text3
SELECT * FROM t0 WHERE attr6 IS NULL;
dim0	attr0	attr1	attr2	attr3	attr4	attr5	attr6	attr7	attr8	attr9
1	NULL	NULL	NULL	NULL	NULL	NULL	NULL	NULL	NULL	NULL
2	NULL	NULL	NULL	NULL	NULL	NULL	NULL	NULL	NULL	NULL
SELECT * FROM t0 WHERE attr6 IS NOT NULL;
dim0	attr0	attr1	attr2	attr3	attr4	attr5	attr6	attr7	attr8	attr9
0	2020	3.14	3.14159	1	2020-11-30 12:34:56	2020-11-30 12:34:56.123456	2020-11-30 12:34:56	2020-11-30 12:34:56.123456	bl0b	text
3	2019	3	3.01	0	2020-12-01 12:34:56	2020-12-01 12:34:56.123456	2020-12-01 12:34:56	2020-12-01 12:34:56.123456	bl0b2	text2
4	2018	3	3.01	0	2020-12-02 12:34:56	2020-12-02 12:34:56.123456	2020-12-02 12:34:56	2020-12-02 12:34:56.123456	bl0b3	text3
SELECT * FROM t0 WHERE attr7 IS NULL;
dim0	attr0	attr1	attr2	attr3	attr4	attr5	attr6	attr7	attr8	attr9
1	NULL	NULL	NULL	NULL	NULL	NULL	NULL	NULL	NULL	NULL
2	NULL	NULL	NULL	NULL	NULL	NULL	NULL	NULL	NULL	NULL
SELECT * FROM t0 WHERE attr7 IS NOT NULL;
dim0	attr0	attr1	attr2	attr3	attr4	attr5	attr6	attr7	attr8	attr9
0	2020	3.14	3.14159	1	2020-11-30 12:34:56	2020-11-30 12:34:56.123456	2020-11-30 12:34:56	2020-11-30 12:34:56.123456	bl0b	text
3	2019	3	3.01	0	2020-12-01 12:34:56	2020-12-01 12:34:56.123456	2020-12-01 12:34:56	2020-12-01 12:34:56.123456	bl0b2	text2
4	2018	3	3.01	0	2020-12-02 12:34:56	2020-12-02 12:34:56.123456	2020-12-02 12:34:56	2020-12-02 12:34:56.123456	bl0b3	text3
SELECT * FROM t0 WHERE attr8 IS NULL;
dim0	attr0	attr1	attr2	attr3	attr4	attr5	attr6	attr7	attr8	attr9
1	NULL	NULL	NULL	NULL	NULL	NULL	NULL	NULL	NULL	NULL
2	NULL	NULL	NULL	NULL	NULL	NULL	NULL	NULL	NULL	NULL
SELECT * FROM t0 WHERE attr8 IS NOT NULL;
dim0	attr0	attr1	attr2	attr3	attr4	attr5	attr6	attr7	attr8	attr9
0	2020	3.14	3.14159	1	2020-11-30 12:34:56	2020-11-30 12:34:56.123456	2020-11-30 12:34:56	2020-11-30 12:34:56.123456	bl0b	text
3	2019	3	3.01	0	2020-12-01 12:34:56	2020-12-01 12:34:56.123456	2020-12-01 12:34:56	2020-12-01 12:34:56.123456	bl0b2	text2
4	2018	3	3.01	0	2020-12-02 12:34:56	2020-12-02 12:34:56.123456	2020-12-02 12:34:56	2020-12-02 12:34:56.123456	bl0b3	text3
SELECT * FROM t0 WHERE attr9 IS NULL;
dim0	attr0	attr1	attr2	attr3	attr4	attr5	attr6	attr7	attr8	attr9
1	NULL	NULL	NULL	NULL	NULL	NULL	NULL	NULL	NULL	NULL
2	NULL	NULL	NULL	NULL	NULL	NULL	NULL	NULL	NULL	NULL
SELECT * FROM t0 WHERE attr9 IS NOT NULL;
dim0	attr0	attr1	attr2	attr3	attr4	attr5	attr6	attr7	attr8	attr9
0	2020	3.14	3.14159	1	2020-11-30 12:34:56	2020-11-30 12:34:56.123456	2020-11-30 12:34:56	2020-11-30 12:34:56.123456	bl0b	text
3	2019	3	3.01	0	2020-12-01 12:34:56	2020-12-01 12:34:56.123456	2020-12-01 12:34:56	2020-12-01 12:34:56.123456	bl0b2	text2
4	2018	3	3.01	0	2020-12-02 12:34:56	2020-12-02 12:34:56.123456	2020-12-02 12:34:56	2020-12-02 12:34:56.123456	bl0b3	text3
DROP TABLE t0;
default null
CREATE TABLE t0 (
dim0 int dimension=1 tile_extent="10",
attr0 int,
attr1 int DEFAULT NULL,
attr2 char(16),
attr3 char(16) DEFAULT NULL
) ENGINE=mytile;
INSERT INTO t0 VALUES (0, 0, 0, 'a', 'a');
SELECT * FROM t0;
dim0	attr0	attr1	attr2	attr3
0	0	0	a	a
INSERT INTO t0 VALUES (1, DEFAULT, DEFAULT, DEFAULT, DEFAULT);
SELECT * FROM t0;
dim0	attr0	attr1	attr2	attr3
0	0	0	a	a
1	NULL	NULL	NULL	NULL
INSERT INTO t0 VALUES (2, 22, 222, 'ab', '01');
INSERT INTO t0 VALUES (3, 33, 333, 'abc', '012');
INSERT INTO t0 VALUES (4, 44, 444, 'abcd', '0123');
INSERT INTO t0 VALUES (5, 55, 555, 'abcde', '01234');
INSERT INTO t0 VALUES (6, 66, 666, 'abcdef', '012345');
SELECT * FROM t0;
dim0	attr0	attr1	attr2	attr3
0	0	0	a	a
1	NULL	NULL	NULL	NULL
2	22	222	ab	01
3	33	333	abc	012
4	44	444	abcd	0123
5	55	555	abcde	01234
6	66	666	abcdef	012345
INSERT INTO t0 VALUES (7, DEFAULT, 777, DEFAULT, '0123456');
INSERT INTO t0 VALUES (8, 88, DEFAULT, '01234567', DEFAULT);
SELECT * FROM t0;
dim0	attr0	attr1	attr2	attr3
0	0	0	a	a
1	NULL	NULL	NULL	NULL
2	22	222	ab	01
3	33	333	abc	012
4	44	444	abcd	0123
5	55	555	abcde	01234
6	66	666	abcdef	012345
7	NULL	777	NULL	0123456
8	88	NULL	01234567	NULL
INSERT INTO t0 (dim0) values (9);
SELECT * FROM t0;
dim0	attr0	attr1	attr2	attr3
0	0	0	a	a
1	NULL	NULL	NULL	NULL
2	22	222	ab	01
3	33	333	abc	012
4	44	444	abcd	0123
5	55	555	abcde	01234
6	66	666	abcdef	012345
7	NULL	777	NULL	0123456
8	88	NULL	01234567	NULL
9	NULL	NULL	NULL	NULL
INSERT INTO t0 (dim0, attr0, attr2) VALUES (10, 1010, '012345678');
INSERT INTO t0 (dim0, attr1, attr3) VALUES (11, 111111, '0123456789');
SELECT * FROM t0;
dim0	attr0	attr1	attr2	attr3
0	0	0	a	a
1	NULL	NULL	NULL	NULL
2	22	222	ab	01
3	33	333	abc	012
4	44	444	abcd	0123
5	55	555	abcde	01234
6	66	666	abcdef	012345
7	NULL	777	NULL	0123456
8	88	NULL	01234567	NULL
9	NULL	NULL	NULL	NULL
10	1010	NULL	012345678	NULL
11	NULL	111111	NULL	0123456789
SELECT * FROM t0 WHERE attr0 IS NULL;
dim0	attr0	attr1	attr2	attr3
1	NULL	NULL	NULL	NULL
7	NULL	777	NULL	0123456
9	NULL	NULL	NULL	NULL
11	NULL	111111	NULL	0123456789
SELECT * FROM t0 WHERE attr0 IS NOT NULL;
dim0	attr0	attr1	attr2	attr3
0	0	0	a	a
2	22	222	ab	01
3	33	333	abc	012
4	44	444	abcd	0123
5	55	555	abcde	01234
6	66	666	abcdef	012345
8	88	NULL	01234567	NULL
10	1010	NULL	012345678	NULL
SELECT * FROM t0 WHERE attr1 IS NULL;
dim0	attr0	attr1	attr2	attr3
1	NULL	NULL	NULL	NULL
8	88	NULL	01234567	NULL
9	NULL	NULL	NULL	NULL
10	1010	NULL	012345678	NULL
SELECT * FROM t0 WHERE attr1 IS NOT NULL;
dim0	attr0	attr1	attr2	attr3
0	0	0	a	a
2	22	222	ab	01
3	33	333	abc	012
4	44	444	abcd	0123
5	55	555	abcde	01234
6	66	666	abcdef	012345
7	NULL	777	NULL	0123456
11	NULL	111111	NULL	0123456789
SELECT * FROM t0 WHERE attr2 IS NULL;
dim0	attr0	attr1	attr2	attr3
1	NULL	NULL	NULL	NULL
7	NULL	777	NULL	0123456
9	NULL	NULL	NULL	NULL
11	NULL	111111	NULL	0123456789
SELECT * FROM t0 WHERE attr2 IS NOT NULL;
dim0	attr0	attr1	attr2	attr3
0	0	0	a	a
2	22	222	ab	01
3	33	333	abc	012
4	44	444	abcd	0123
5	55	555	abcde	01234
6	66	666	abcdef	012345
8	88	NULL	01234567	NULL
10	1010	NULL	012345678	NULL
SELECT * FROM t0 WHERE attr3 IS NULL;
dim0	attr0	attr1	attr2	attr3
1	NULL	NULL	NULL	NULL
8	88	NULL	01234567	NULL
9	NULL	NULL	NULL	NULL
10	1010	NULL	012345678	NULL
SELECT * FROM t0 WHERE attr3 IS NOT NULL;
dim0	attr0	attr1	attr2	attr3
0	0	0	a	a
2	22	222	ab	01
3	33	333	abc	012
4	44	444	abcd	0123
5	55	555	abcde	01234
6	66	666	abcdef	012345
7	NULL	777	NULL	0123456
11	NULL	111111	NULL	0123456789
DROP TABLE t0;
external nullable example array
CREATE TABLE nullable_attributes ENGINE=mytile uri='MTR_SUITE_DIR/test_data/tiledb_arrays/2.2/nullable_attributes';;
SHOW CREATE TABLE nullable_attributes;
Table	Create Table
nullable_attributes	CREATE TABLE `nullable_attributes` (
  `rows` int(11) NOT NULL `dimension`=1 `lower_bound`='1' `upper_bound`='2' `tile_extent`='2',
  `cols` int(11) NOT NULL `dimension`=1 `lower_bound`='1' `upper_bound`='2' `tile_extent`='2',
  `a1` int(10) unsigned DEFAULT 0,
  `a2` double DEFAULT 0,
  PRIMARY KEY (`rows`,`cols`)
) ENGINE=MyTile DEFAULT CHARSET=latin1 COLLATE=latin1_swedish_ci `uri`='MTR_SUITE_DIR/test_data/tiledb_arrays/2.2/nullable_attributes' `array_type`='DENSE' `cell_order`=ROW_MAJOR `tile_order`=ROW_MAJOR `coordinate_filters`='ZSTD=-1' `offset_filters`='ZSTD=-1'
SELECT * FROM nullable_attributes;
rows	cols	a1	a2
1	1	100	NULL
1	2	NULL	200.123
2	1	NULL	300.123
2	2	400	NULL
SELECT * FROM nullable_attributes WHERE a1 IS NULL;
rows	cols	a1	a2
1	2	NULL	200.123
2	1	NULL	300.123
SELECT * FROM nullable_attributes WHERE a1 IS NOT NULL;
rows	cols	a1	a2
1	1	100	NULL
2	2	400	NULL
SELECT * FROM nullable_attributes WHERE a2 IS NULL;
rows	cols	a1	a2
1	1	100	NULL
2	2	400	NULL
SELECT * FROM nullable_attributes WHERE a2 IS NOT NULL;
rows	cols	a1	a2
1	2	NULL	200.123
2	1	NULL	300.123
set mytile_delete_arrays=0;
DROP TABLE `nullable_attributes`;
set mytile_delete_arrays=1;
