#
# The purpose of this test is to validate pushed ranges
#
# INTEGER
CREATE TABLE t1 (
column1 integer dimension=1 lower_bound="0" upper_bound="100" tile_extent="10",
column2 BLOB
) ENGINE=mytile;
INSERT INTO t1 VALUES (1,'aHR0cHM6Ly9naXRodWIuY29tL1NoZWxudXR0Mi9jcnVuY2g=');
INSERT INTO t1 VALUES (3,'dmFsdWUy');
INSERT INTO t1 VALUES (5,'dmFsdWU');
select column1, column2 FROM t1 WHERE column1 = 3;
column1	column2
3	dmFsdWUy
select column2 FROM t1 WHERE column1 IN (1,3) ORDER BY column1 asc;
column2
aHR0cHM6Ly9naXRodWIuY29tL1NoZWxudXR0Mi9jcnVuY2g=
dmFsdWUy
select * FROM t1 WHERE column2 = 'dmFsdWU';
column1	column2
5	dmFsdWU
DROP TABLE t1;
#
# The purpose of this test is to validate pushed ranges
#
# String
CREATE TABLE t2 (
column1 varchar(255) dimension=1,
column2 BLOB
) ENGINE=mytile;
INSERT INTO t2 VALUES ('1','aHR0cHM6Ly9naXRodWIuY29tL1NoZWxudXR0Mi9jcnVuY2g=');
INSERT INTO t2 VALUES ('3','dmFsdWUy');
INSERT INTO t2 VALUES ('5','dmFsdWU');
select column1, column2 FROM t2 WHERE column1 = '3';
column1	column2
3	dmFsdWUy
select column2 FROM t2 WHERE column1 IN ('1','3') ORDER BY column1 asc;
column2
aHR0cHM6Ly9naXRodWIuY29tL1NoZWxudXR0Mi9jcnVuY2g=
dmFsdWUy
select * FROM t2 WHERE column2 = 'dmFsdWU';
column1	column2
5	dmFsdWU
DROP TABLE t2;
#
# The purpose of this test is to validate pushed ranges
#
# DENSE operators
CREATE TABLE quickstart_dense ENGINE=mytile uri='MTR_SUITE_DIR/test_data/tiledb_arrays/1.6/quickstart_dense';;
select * from `quickstart_dense` ORDER BY `rows` asc, cols asc;
rows	cols	a
1	1	1
1	2	2
1	3	3
1	4	4
2	1	5
2	2	6
2	3	7
2	4	8
3	1	9
3	2	10
3	3	11
3	4	12
4	1	13
4	2	14
4	3	15
4	4	16
select * from `quickstart_dense` where `rows` >= 1 AND `rows` < 4 AND cols >= 1 AND cols < 4 ORDER BY `rows` asc, cols asc;
rows	cols	a
1	1	1
1	2	2
1	3	3
2	1	5
2	2	6
2	3	7
3	1	9
3	2	10
3	3	11
select * from `quickstart_dense` where `rows` >= 1 AND `rows` <= 2 AND cols >= 1 AND cols <= 2 ORDER BY `rows` asc, cols asc;
rows	cols	a
1	1	1
1	2	2
2	1	5
2	2	6
select * from `quickstart_dense` where `rows` >= 1 AND `rows` > 2 AND cols >= 1 AND cols <= 2 ORDER BY `rows` asc, cols asc;
rows	cols	a
3	1	9
3	2	10
4	1	13
4	2	14
select * from `quickstart_dense` where `rows` >= 1 AND `rows` > 2 AND `rows` < 4 AND cols >= 1 AND cols <= 2 ORDER BY `rows` asc, cols asc;
rows	cols	a
3	1	9
3	2	10
select * from `quickstart_dense` where `rows` in (1, 2, 3) AND cols >= 1 AND cols < 4 ORDER BY `rows` asc, cols asc;
rows	cols	a
1	1	1
1	2	2
1	3	3
2	1	5
2	2	6
2	3	7
3	1	9
3	2	10
3	3	11
set mytile_delete_arrays=0;
DROP TABLE quickstart_dense;
